[Header],,,,,
Local_Run_Manager_Analysis_Id,13014,,,,
Date,10/8/2019,,,,
Experiment_Name,Practice_Sample_Sheet,,,,
Workflow,GenerateFastQWorkflow,,,,
Description,Auto_generated_sample_sheet.__Used_by_workflow_module_to_kick_off_Isis_analysis,,,,
Chemistry,Amplicon,,,,
,,,,,
[Reads],,,,,
141,,,,,
141,,,,,
,,,,,
[Data],,,,,
Sample_ID,Sample_Name,index,I7_Index_ID,index2,I5_Index_ID
i506_i701,i506_i701,TAAGGCGA,i701,TATGCAGT,i506
i506_i702,i506_i702,CGTACTAG,i702,TATGCAGT,i506
i506_i703,i506_i703,AGGCAGAA,i703,TATGCAGT,i506
i506_i704,i506_i704,TCCTGAGC,i704,TATGCAGT,i506
i507_i701,i507_i701,TAAGGCGA,i701,TACTCCTT,i507
i507_i702,i507_i702,CGTACTAG,i702,TACTCCTT,i507
i507_i703,i507_i703,AGGCAGAA,i703,TACTCCTT,i507
i507_i704,i507_i704,TCCTGAGC,i704,TACTCCTT,i507
i508_i701,i508_i701,TAAGGCGA,i701,AGGCTTAG,i508
i508_i702,i508_i702,CGTACTAG,i702,AGGCTTAG,i508
i508_i703,i508_i703,AGGCAGAA,i703,AGGCTTAG,i508
i508_i704,i508_i704,TCCTGAGC,i704,AGGCTTAG,i508
i509_i701,i509_i701,TAAGGCGA,i701,ACAATGTC,i509
i509_i702,i509_i702,CGTACTAG,i702,ACAATGTC,i509
i509_i703,i509_i703,AGGCAGAA,i703,ACAATGTC,i509
i509_i704,i509_i704,TCCTGAGC,i704,ACAATGTC,i509
i510_i701,i510_i701,TAAGGCGA,i701,CCATCAGT,i510
i510_i702,i510_i702,CGTACTAG,i702,CCATCAGT,i510
i510_i703,i510_i703,AGGCAGAA,i703,CCATCAGT,i510
i510_i704,i510_i704,TCCTGAGC,i704,CCATCAGT,i510
i511_i701,i511_i701,TAAGGCGA,i701,CTAGGTAC,i511
i511_i702,i511_i702,CGTACTAG,i702,CTAGGTAC,i511
i511_i703,i511_i703,AGGCAGAA,i703,CTAGGTAC,i511
i511_i704,i511_i704,TCCTGAGC,i704,CTAGGTAC,i511
i512_i701,i512_i701,TAAGGCGA,i701,TAGCTCTG,i512
i512_i702,i512_i702,CGTACTAG,i702,TAGCTCTG,i512
i512_i703,i512_i703,AGGCAGAA,i703,TAGCTCTG,i512
i512_i704,i512_i704,TCCTGAGC,i704,TAGCTCTG,i512
i513_i705,i513_i705,GGACTCCT,i705,TCACTATG,i513
i513_i706,i513_i706,TAGGCATG,i706,TCACTATG,i513
i513_i707,i513_i707,CTCTCTAC,i707,TCACTATG,i513
i513_i708,i513_i708,CAGAGAGG,i708,TCACTATG,i513
i506_i705,i506_i705,GGACTCCT,i705,TATGCAGT,i506
i506_i706,i506_i706,TAGGCATG,i706,TATGCAGT,i506
i506_i707,i506_i707,CTCTCTAC,i707,TATGCAGT,i506
i506_i708,i506_i708,CAGAGAGG,i708,TATGCAGT,i506
i508_i705,i508_i705,GGACTCCT,i705,AGGCTTAG,i508
i508_i706,i508_i706,TAGGCATG,i706,AGGCTTAG,i508
i508_i707,i508_i707,CTCTCTAC,i707,AGGCTTAG,i508
i508_i708,i508_i708,CAGAGAGG,i708,AGGCTTAG,i508
i509_i705,i509_i705,GGACTCCT,i705,ACAATGTC,i509
i509_i706,i509_i706,TAGGCATG,i706,ACAATGTC,i509
i509_i707,i509_i707,CTCTCTAC,i707,ACAATGTC,i509
i509_i708,i509_i708,CAGAGAGG,i708,ACAATGTC,i509
i510_i705,i510_i705,GGACTCCT,i705,CCATCAGT,i510
i510_i706,i510_i706,TAGGCATG,i706,CCATCAGT,i510
i510_i707,i510_i707,CTCTCTAC,i707,CCATCAGT,i510
i510_i708,i510_i708,CAGAGAGG,i708,CCATCAGT,i510
i511_i705,i511_i705,GGACTCCT,i705,CTAGGTAC,i511
i511_i706,i511_i706,TAGGCATG,i706,CTAGGTAC,i511
i511_i707,i511_i707,CTCTCTAC,i707,CTAGGTAC,i511
i511_i708,i511_i708,CAGAGAGG,i708,CTAGGTAC,i511
i512_i705,i512_i705,GGACTCCT,i705,TAGCTCTG,i512
i512_i706,i512_i706,TAGGCATG,i706,TAGCTCTG,i512
i512_i707,i512_i707,CTCTCTAC,i707,TAGCTCTG,i512
i512_i708,i512_i708,CAGAGAGG,i708,TAGCTCTG,i512
i513_i705,i513_i705,GGACTCCT,i705,TCACTATG,i513
i513_i706,i513_i706,TAGGCATG,i706,TCACTATG,i513
i513_i707,i513_i707,CTCTCTAC,i707,TCACTATG,i513
i513_i708,i513_i708,CAGAGAGG,i708,TCACTATG,i513
